Date,S&P 500,Bond Rate,PrDec,PrInc
2024-12-31 00:00:00,5881.63,4.208,0.082,0.10128
2024-12-24 00:00:00,6040.04,4.2,0.0778,0.09324
2024-12-18 00:00:00,5872.16,4.232,0.08909,0.14135
2024-12-11 00:00:00,6084.19,4.255,0.07816,0.10151
2024-12-04 00:00:00,6086.49,4.345,0.07441,0.09571
2024-11-27 00:00:00,5998.74,4.385,0.076,0.09907
2024-11-20 00:00:00,5917.11,4.41,0.08193,0.10528
2024-11-13 00:00:00,5985.38,4.39,0.07828,0.10427
2024-11-06 00:00:00,5929.04,4.43,0.07532,0.09286
2024-10-30 00:00:00,5813.67,4.463,0.08318,0.11008
2024-10-23 00:00:00,5797.42,4.505,0.0803,0.09896
2024-10-16 00:00:00,5842.47,4.503,0.08413,0.10571
2024-10-09 00:00:00,5792.04,4.535,0.08385,0.1024
2024-10-02 00:00:00,5709.54,4.473,0.09092,0.10573
2024-09-25 00:00:00,5722.26,4.487,0.08223,0.09151
2024-09-18 00:00:00,5618.26,4.615,0.08857,0.10942
2024-09-11 00:00:00,5554.13,4.875,0.09023,0.09746
2024-09-04 00:00:00,5520.07,4.948,0.08882,0.11128
2024-08-28 00:00:00,5592.18,4.955,0.07926,0.09721
2024-08-21 00:00:00,5620.85,5.005,0.08198,0.09758
2024-08-14 00:00:00,5455.21,5.063,0.08979,0.10782
2024-08-07 00:00:00,5199.5,5.08,0.10312,0.15385
2024-07-31 00:00:00,5522.3,5.135,0.07261,0.10882
2024-07-24 00:00:00,5427.13,5.17,0.07833,0.1243
2024-07-17 00:00:00,5588.27,5.195,0.07226,0.11029
2024-07-10 00:00:00,5633.91,5.225,0.06612,0.09349
2024-07-03 00:00:00,5537.02,5.23,0.06442,0.09082
2024-06-26 00:00:00,5477.9,5.23,0.06833,0.10407
2024-06-18 00:00:00,5487.03,5.235,0.06669,0.10104
2024-06-12 00:00:00,5421.03,5.243,0.06492,0.09994
2024-06-05 00:00:00,5354.03,5.24,0.06716,0.0987
2024-05-29 00:00:00,5266.95,5.25,0.06761,0.10391
2024-05-22 00:00:00,5307.01,5.245,0.06821,0.10517
2024-05-15 00:00:00,5308.15,5.24,0.06914,0.10101
2024-05-08 00:00:00,5187.67,5.245,0.06832,0.10483
2024-05-01 00:00:00,5018.39,5.25,0.07611,0.1233
2024-04-24 00:00:00,5071.63,5.255,0.07548,0.11859
2024-04-17 00:00:00,5022.21,5.24,0.08447,0.14179
2024-04-10 00:00:00,5160.64,5.243,0.08029,0.12799
2024-04-03 00:00:00,5211.49,5.21,0.07352,0.1165
2024-03-27 00:00:00,5248.49,5.215,0.0704,0.10889
2024-03-20 00:00:00,5224.62,5.228,0.07311,0.11267
2024-03-13 00:00:00,5165.31,5.238,0.07359,0.11568
2024-03-06 00:00:00,5104.76,5.23,0.07281,0.10885
2024-02-28 00:00:00,5069.76,5.24,0.07193,0.10658
2024-02-21 00:00:00,4981.8,5.235,0.07647,0.10775
2024-02-14 00:00:00,5000.62,5.218,0.07381,0.09914
2024-02-07 00:00:00,4995.06,5.223,0.06604,0.08976
2024-01-31 00:00:00,4845.65,5.188,0.07448,0.10453
2024-01-24 00:00:00,4868.55,5.21,0.06924,0.09391
2024-01-17 00:00:00,4739.21,5.215,0.07781,0.09877
2024-01-10 00:00:00,4783.45,5.225,0.07542,0.09637
2024-01-03 00:00:00,4704.81,5.235,0.08309,0.1136
2023-12-27 00:00:00,4781.58,5.235,0.08047,0.10512
2023-12-20 00:00:00,4698.35,5.23,0.08465,0.11931
2023-12-13 00:00:00,4707.09,5.223,0.07645,0.09778
2023-12-06 00:00:00,4549.34,5.243,0.0816,0.1146
2023-11-29 00:00:00,4550.58,5.24,0.07979,0.11415
2023-11-22 00:00:00,4556.62,5.265,0.07591,0.10894
2023-11-15 00:00:00,4502.88,5.255,0.08031,0.11591
2023-11-08 00:00:00,4382.78,5.268,0.07811,0.11069
2023-11-01 00:00:00,4237.86,5.3,0.08913,0.13619
2023-10-25 00:00:00,4186.77,5.315,0.09823,0.16193
2023-10-18 00:00:00,4314.6,5.33,0.09477,0.15576
2023-10-11 00:00:00,4376.95,5.335,0.08758,0.13545
2023-10-04 00:00:00,4263.75,5.335,0.09624,0.14919
2023-09-27 00:00:00,4274.51,5.33,0.09761,0.15281
2023-09-20 00:00:00,4402.2,5.315,0.08368,0.13227
2023-09-13 00:00:00,4467.44,5.305,0.08082,0.12142
2023-09-07 00:00:00,4451.14,5.283,0.08227,0.12669
2023-09-06 00:00:00,4465.48,5.3,0.08227,0.12669
2023-08-30 00:00:00,4514.87,5.315,0.0812,0.12061
2023-08-23 00:00:00,4436.01,5.295,0.08883,0.13724
2023-08-16 00:00:00,4404.33,5.285,0.09055,0.14822
2023-08-09 00:00:00,4467.71,5.28,0.08171,0.12557
2023-08-02 00:00:00,4513.39,5.26,0.07825,0.11916
2023-07-26 00:00:00,4566.75,5.268,0.06981,0.10026
2023-07-19 00:00:00,4565.72,5.245,0.07206,0.10169
2023-07-12 00:00:00,4472.16,5.23,0.07365,0.10369
2023-07-05 00:00:00,4446.82,5.193,0.07837,0.11148
2023-06-28 00:00:00,4376.86,5.17,0.07917,0.11296
2023-06-21 00:00:00,4365.69,5.135,0.08862,0.12805
2023-06-14 00:00:00,4372.59,5.08,0.08419,0.11996
2023-06-07 00:00:00,4267.52,5.153,0.08871,0.13126
2023-05-31 00:00:00,4179.83,5.248,0.10017,0.14584
2023-05-24 00:00:00,4115.24,5.185,0.10819,0.15189
2023-05-17 00:00:00,4158.77,5.088,0.10783,0.14225
2023-05-10 00:00:00,4137.64,5.065,0.10427,0.14151
2023-05-03 00:00:00,4090.75,5.095,0.10935,0.15553
2023-04-26 00:00:00,4055.99,4.985,0.11296,0.16126
2023-04-19 00:00:00,4154.52,4.995,0.10268,0.1428
2023-04-12 00:00:00,4091.95,4.86,0.11431,0.16044
2023-04-05 00:00:00,4090.38,4.705,0.11721,0.15521
2023-03-29 00:00:00,4027.81,4.63,0.1174,0.16732
2023-03-22 00:00:00,3936.97,4.563,0.12579,0.18833
2023-03-15 00:00:00,3891.93,4.558,0.13654,0.17429
2023-03-08 00:00:00,3992.01,4.883,0.11405,0.1697
2023-02-22 00:00:00,3991.05,4.695,0.11983,0.18691
2023-02-15 00:00:00,4147.6,4.643,0.10947,0.15641
2023-02-08 00:00:00,4117.86,4.585,0.11111,0.15479
2023-02-01 00:00:00,4119.21,4.52,0.1063,0.14238
2023-01-25 00:00:00,4016.22,4.545,0.11375,0.15281
2023-01-18 00:00:00,3928.86,4.53,0.12871,0.18319
2023-01-11 00:00:00,3969.61,4.555,0.13356,0.18848
2023-01-04 00:00:00,3852.97,4.4,0.14683,0.20563
2022-12-28 00:00:00,3783.22,4.338,0.15861,0.22666
2022-12-21 00:00:00,3878.44,4.205,0.15376,0.21883
2022-12-14 00:00:00,3995.32,4.22,0.14752,0.21522
2022-12-07 00:00:00,3933.92,4.183,0.15201,0.21697
2022-11-30 00:00:00,4080.11,4.253,0.14565,0.20411
2022-11-23 00:00:00,4027.26,4.2,0.14892,0.21181
2022-11-16 00:00:00,3958.79,4.125,0.1593,0.22525
2022-11-09 00:00:00,3748.57,4.093,0.17241,0.2398
2022-11-02 00:00:00,3759.69,4.025,0.16847,0.24988
2022-10-26 00:00:00,3830.6,3.93,0.16509,0.24426
2022-10-19 00:00:00,3695.16,3.893,0.16755,0.25023
2022-10-12 00:00:00,3577.03,3.533,0.16835,0.25345
2022-10-05 00:00:00,3783.28,3.293,0.16047,0.23058
2022-09-28 00:00:00,3719.04,3.23,0.17158,0.23464
2022-09-21 00:00:00,3789.93,3.19,0.16911,0.24129
2022-09-14 00:00:00,3946.01,3.128,0.16157,0.22161
2022-09-07 00:00:00,3979.87,2.933,0.15713,0.20094
2022-08-31 00:00:00,3955,2.86,0.16235,0.22004
2022-08-24 00:00:00,4140.77,2.713,0.15528,0.19001
2022-08-17 00:00:00,4274.04,2.568,0.15555,0.20528
2022-08-10 00:00:00,4210.24,2.535,0.1543,0.18088
2022-08-03 00:00:00,4155.17,2.428,0.14761,0.19015
2022-07-27 00:00:00,4023.61,2.383,0.15456,0.18882
2022-07-20 00:00:00,3959.9,2.378,0.1558,0.19425
2022-07-13 00:00:00,3801.78,2.323,0.16255,0.21004
2022-07-06 00:00:00,3845.08,1.84,0.16053,0.1921
2022-06-29 00:00:00,3818.83,1.705,0.1633,0.1998
2022-06-22 00:00:00,3759.89,1.545,0.1658,0.20089
2022-06-15 00:00:00,3789.99,1.695,0.16285,0.20236
2022-06-08 00:00:00,4115.77,1.233,0.16068,0.17794
2022-06-01 00:00:00,4101.23,1.103,0.161,0.18226
2022-05-25 00:00:00,3978.73,1.045,0.17045,0.18737
2022-05-18 00:00:00,3923.68,1.003,0.17147,0.19726
2022-05-11 00:00:00,3935.18,0.883,0.1762,0.20456
2022-05-04 00:00:00,4300.17,0.833,0.14361,0.14858
2022-04-27 00:00:00,4183.96,0.808,0.16166,0.18648
2022-04-20 00:00:00,4459.45,0.795,0.14246,0.14513
2022-04-13 00:00:00,4446.59,0.74,0.15036,0.15253
2022-04-06 00:00:00,4481.15,0.663,0.14506,0.14546
2022-03-30 00:00:00,4602.45,0.525,0.13976,0.12956
2022-03-23 00:00:00,4456.24,0.48,0.14429,0.13626
2022-03-16 00:00:00,4357.86,0.433,0.1564,0.14677
2022-03-09 00:00:00,4277.88,0.37,0.16762,0.16846
2022-03-02 00:00:00,4386.54,0.325,0.16447,0.14241
2022-02-23 00:00:00,4225.5,0.34,0.17185,0.1675
2022-02-16 00:00:00,4475.01,0.373,0.15492,0.14644
2022-02-09 00:00:00,4587.18,0.27,0.14675,0.10984
2022-02-02 00:00:00,4589.38,0.185,0.13746,0.11073
2022-01-26 00:00:00,4349.93,0.178,0.15646,0.15367
2022-01-19 00:00:00,4532.76,0.165,0.15103,0.13302
2022-01-12 00:00:00,4726.35,0.115,0.14176,0.10473
2022-01-05 00:00:00,4700.58,0.085,0.14007,0.1182
2021-12-29 00:00:00,4793.06,0.045,0.13641,0.1009
2021-12-22 00:00:00,4696.56,0.065,0.14536,0.10919
2021-12-15 00:00:00,4709.85,0.045,0.15047,0.10848
2021-12-08 00:00:00,4701.21,0.06,0.14611,0.10725
2021-12-01 00:00:00,4513.04,0.05,0.16912,0.14821
2021-11-24 00:00:00,4701.46,0.05,0.1506,0.10239
2021-11-17 00:00:00,4688.67,0.045,0.14554,0.09446
2021-11-10 00:00:00,4646.71,0.045,0.14973,0.09485
2021-11-03 00:00:00,4660.57,0.045,0.12899,0.08356
2021-10-27 00:00:00,4551.68,0.05,0.13316,0.08731
2021-10-20 00:00:00,4536.19,0.05,0.13216,0.08434
2021-10-13 00:00:00,4363.8,0.045,0.14603,0.09928
2021-10-06 00:00:00,4363.55,0.04,0.14928,0.10125
2021-09-29 00:00:00,4359.46,0.03,0.15303,0.1085
2021-09-22 00:00:00,4395.64,0.025,0.14965,0.10558
2021-09-15 00:00:00,4480.7,0.035,0.14145,0.09296
2021-09-08 00:00:00,4514.07,0.04,0.14007,0.08793
2021-09-01 00:00:00,4524.09,0.04,0.13432,0.07893
2021-08-25 00:00:00,4496.19,0.045,0.13824,0.083
2021-08-18 00:00:00,4400.27,0.055,0.14697,0.08358
2021-08-11 00:00:00,4442.41,0.045,0.13881,0.06925
2021-08-04 00:00:00,4402.66,0.045,0.12755,0.0821
2021-07-28 00:00:00,4400.64,0.045,0.13049,0.08507
2021-07-21 00:00:00,4358.69,0.045,0.1317,0.08517
2021-07-14 00:00:00,4374.3,0.045,0.13014,0.08261
2021-07-07 00:00:00,4358.13,0.043,0.12991,0.07586
2021-06-30 00:00:00,4297.5,0.04,0.12906,0.07205
2021-06-23 00:00:00,4241.84,0.04,0.1322,0.07539
2021-06-16 00:00:00,4223.7,0.028,0.13576,0.07791
2021-06-09 00:00:00,4219.55,0.02,0.13792,0.08174
2021-06-02 00:00:00,4208.12,0.015,0.13783,0.07972
2021-05-26 00:00:00,4195.99,0.005,0.14356,0.08569
2021-05-19 00:00:00,4115.68,0.005,0.16076,0.09879
2021-05-12 00:00:00,4063.04,0.01,0.16066,0.10217
2021-05-05 00:00:00,4167.59,0.008,0.13609,0.09283
2021-04-28 00:00:00,4183.18,0.008,0.13351,0.08441
2021-04-21 00:00:00,4173.42,0.013,0.136,0.08606
2021-04-14 00:00:00,4124.66,0.015,0.13873,0.0885
2021-04-07 00:00:00,4079.95,0.01,0.13589,0.0826
2021-03-31 00:00:00,3972.89,0.013,0.14132,0.09206
2021-03-24 00:00:00,3889.14,0.015,0.15763,0.11251
2021-03-17 00:00:00,3974.12,0.008,0.15857,0.10954
2021-03-10 00:00:00,3898.81,0.03,0.16299,0.12029
2021-03-03 00:00:00,3819.72,0.035,0.17317,0.13419
2021-02-24 00:00:00,3925.43,0.028,0.16962,0.12556
2021-02-17 00:00:00,3931.33,0.035,0.17819,0.13024
2021-02-10 00:00:00,3909.88,0.035,0.17195,0.12067
2021-02-03 00:00:00,3830.17,0.04,0.16746,0.14213
2021-01-27 00:00:00,3750.77,0.06,0.18553,0.16506
2021-01-20 00:00:00,3851.85,0.075,0.158,0.11559
2021-01-13 00:00:00,3809.84,0.08,0.16015,0.11745
2021-01-06 00:00:00,3748.14,0.078,0.16597,0.12252
2020-12-30 00:00:00,3732.04,0.07,0.16338,0.11732
2020-12-23 00:00:00,3690.01,0.075,0.16081,0.11728
2020-12-16 00:00:00,3701.17,0.075,0.16609,0.112
2020-12-09 00:00:00,3672.82,0.07,0.16329,0.10933
2020-12-02 00:00:00,3669.01,0.075,0.16752,0.10749
2020-11-25 00:00:00,3629.65,0.08,0.16649,0.10546
2020-11-18 00:00:00,3567.79,0.075,0.16755,0.10869
2020-11-11 00:00:00,3572.66,0.09,0.1707,0.10669
2020-11-04 00:00:00,3443.44,0.083,0.17188,0.14134
2020-10-28 00:00:00,3271.03,0.09,0.19729,0.18173
2020-10-21 00:00:00,3435.56,0.09,0.1826,0.14681
2020-10-14 00:00:00,3488.67,0.1,0.17573,0.13959
2020-10-07 00:00:00,3419.44,0.088,0.19499,0.16394
2020-09-30 00:00:00,3363,0.085,0.18981,0.14801
2020-09-23 00:00:00,3236.92,0.088,0.19022,0.14571
2020-09-17 00:00:00,3357.01,0.085,0.18666,0.14292
2020-09-09 00:00:00,3398.96,0.105,0.1836,0.14561
2020-09-02 00:00:00,3580.84,0.1,0.17961,0.13487
2020-08-26 00:00:00,3478.73,0.093,0.16703,0.11332
2020-08-19 00:00:00,3374.85,0.095,0.17424,0.12123
2020-08-12 00:00:00,3380.35,0.1,0.17308,0.12361
2020-08-05 00:00:00,3327.77,0.095,0.16569,0.13254
2020-07-29 00:00:00,3258.44,0.09,0.17378,0.13708
2020-07-22 00:00:00,3276.02,0.1,0.17247,0.12895
2020-07-15 00:00:00,3226.56,0.125,0.1872,0.14709
2020-07-08 00:00:00,3169.94,0.135,0.18378,0.14136
2020-07-01 00:00:00,3115.86,0.13,0.18685,0.14396
2020-06-24 00:00:00,3050.33,0.135,0.20441,0.17881
2020-06-17 00:00:00,3113.49,0.165,0.19224,0.16661
2020-06-10 00:00:00,3190.14,0.165,0.17949,0.12958
2020-06-03 00:00:00,3122.87,0.148,0.18257,0.1338
2020-05-27 00:00:00,3036.13,0.135,0.18986,0.14434
2020-05-20 00:00:00,2971.61,0.118,0.2283,0.19997
2020-05-06 00:00:00,2848.42,0.108,0.22119,0.23686
2020-04-29 00:00:00,2939.51,0.09,0.20561,0.19888
2020-04-22 00:00:00,2799.31,0.093,0.23643,0.2491
2020-04-15 00:00:00,2783.36,0.115,0.22715,0.2162
2020-04-08 00:00:00,2749.98,0.185,0.22499,0.21209
2020-04-01 00:00:00,2470.5,0.063,0.25235,0.26292
2020-03-25 00:00:00,2475.56,-0.07,0.21626,0.20173
2020-03-18 00:00:00,2398.1,0.003,0.24066,0.33483
2020-03-11 00:00:00,2741.38,0.368,0.22701,0.19566
2020-03-05 00:00:00,3023.94,0.595,0.16138,0.07667
2020-02-26 00:00:00,3116.39,1.478,0.14477,0.0869
2020-02-19 00:00:00,3386.15,1.543,0.10656,0.04162
2020-02-12 00:00:00,3379.45,1.535,0.11077,0.03991
2020-02-05 00:00:00,3334.69,1.52,0.10161,0.04131
2020-01-29 00:00:00,3273.4,1.52,0.11171,0.05088
2020-01-22 00:00:00,3321.75,1.513,0.1045,0.03776
2020-01-15 00:00:00,3289.29,1.508,0.1046,0.03888
2020-01-08 00:00:00,3253.05,1.493,0.10926,0.04467
2020-01-02 00:00:00,3257.85,1.495,0.11169,0.04794
2019-12-26 00:00:00,3239.91,1.535,0.11245,0.05028
2019-12-18 00:00:00,3191.14,1.518,0.11396,0.05231
2019-12-11 00:00:00,3141.63,1.52,0.12896,0.06244
2019-12-04 00:00:00,3112.76,1.498,0.13053,0.06486
2019-11-27 00:00:00,3153.63,1.565,0.12064,0.05582
2019-11-20 00:00:00,3108.46,1.52,0.12798,0.06073
2019-11-13 00:00:00,3094.04,1.535,0.12868,0.06379
2019-11-06 00:00:00,3076.78,1.515,0.11504,0.0594
2019-10-30 00:00:00,3046.77,1.595,0.11417,0.05868
2019-10-23 00:00:00,3004.52,1.615,0.11979,0.05897
2019-10-16 00:00:00,2989.69,1.615,0.11661,0.05826
2019-10-09 00:00:00,2919.4,1.628,0.14275,0.07891
2019-10-02 00:00:00,2887.61,1.735,0.14367,0.08744
2019-09-25 00:00:00,2984.87,1.845,0.12961,0.0682
2019-09-18 00:00:00,3006.73,1.88,0.12571,0.06496
2019-09-11 00:00:00,3000.93,1.913,0.12498,0.05433
2019-09-04 00:00:00,2937.78,1.905,0.1367,0.07079
2019-08-28 00:00:00,2887.94,1.94,0.14231,0.0781
2019-08-21 00:00:00,2924.43,1.928,0.12925,0.05889
2019-08-14 00:00:00,2840.6,1.908,0.14032,0.07888
2019-08-07 00:00:00,2883.98,1.968,0.12593,0.06014
2019-07-31 00:00:00,2980.38,2.03,0.10608,0.04669
2019-07-24 00:00:00,3019.56,2.04,0.10501,0.03771
2019-07-17 00:00:00,2984.42,2.073,0.09594,0.04342
2019-07-10 00:00:00,2993.07,2.13,0.09298,0.04128
2019-07-03 00:00:00,2995.82,2.15,0.09307,0.04009
2019-06-26 00:00:00,2913.78,2.093,0.10586,0.05718
2019-06-19 00:00:00,2926.46,2.125,0.10553,0.05123
2019-06-12 00:00:00,2879.84,2.165,0.11102,0.05633
2019-06-05 00:00:00,2826.15,2.285,0.11579,0.06038
2019-05-29 00:00:00,2783.02,2.298,0.11964,0.06742
2019-05-22 00:00:00,2856.27,2.32,0.10752,0.05476
2019-05-15 00:00:00,2850.96,2.35,0.1124,0.0566
2019-05-08 00:00:00,2879.42,2.37,0.10159,0.06069
2019-05-01 00:00:00,2923.73,2.363,0.09265,0.04472
2019-04-24 00:00:00,2927.25,2.375,0.10033,0.03755
2019-04-17 00:00:00,2900.45,2.38,0.08956,0.04158
2019-04-10 00:00:00,2888.21,2.363,0.09181,0.0466
2019-04-03 00:00:00,2873.4,2.373,0.0945,0.05126
2019-03-27 00:00:00,2805.37,2.378,0.10828,0.05855
2019-03-20 00:00:00,2824.23,2.408,0.09969,0.0527
2019-03-13 00:00:00,2810.92,2.388,0.10304,0.04286
2019-03-06 00:00:00,2771.45,2.405,0.10653,0.05401
2019-02-27 00:00:00,2792.38,2.393,0.10276,0.05864
2019-02-20 00:00:00,2784.7,2.383,0.10522,0.05445
2019-02-13 00:00:00,2753.03,2.373,0.11082,0.06072
2019-02-06 00:00:00,2731.61,2.365,0.10226,0.06827
2019-01-30 00:00:00,2681.05,2.365,0.11251,0.07743
2019-01-23 00:00:00,2638.7,2.353,0.12229,0.09312
2019-01-16 00:00:00,2616.1,2.363,0.11825,0.08829
2019-01-09 00:00:00,2584.96,2.39,0.13565,0.11308
2019-01-02 00:00:00,2510.03,2.365,0.14518,0.12331
2018-12-26 00:00:00,2467.7,2.38,0.15064,0.12689
2018-12-19 00:00:00,2506.96,2.338,0.15652,0.15527
2018-12-12 00:00:00,2651.07,2.375,0.13742,0.12063
2018-12-04 00:00:00,2700.06,2.365,0.12422,0.10139
2018-11-28 00:00:00,2743.79,2.335,0.12152,0.08646
2018-11-14 00:00:00,2701.58,2.325,0.12218,0.08906
2018-11-07 00:00:00,2813.89,2.31,0.10418,0.06672
2018-10-31 00:00:00,2711.74,2.278,0.11941,0.10391
2018-10-24 00:00:00,2656.1,2.285,0.11936,0.11084
2018-10-17 00:00:00,2809.21,2.26,0.09937,0.06531
2018-10-10 00:00:00,2785.68,2.22,0.10898,0.08583
2018-10-03 00:00:00,2925.51,2.17,0.08291,0.04369
2018-09-26 00:00:00,2905.97,2.16,0.08238,0.03887
2018-09-19 00:00:00,2907.95,2.12,0.08454,0.04604
2018-09-12 00:00:00,2888.92,2.105,0.09061,0.0441
2018-09-05 00:00:00,2888.6,2.09,0.09196,0.04696
2018-08-29 00:00:00,2914.04,2.08,0.08365,0.03552
2018-08-22 00:00:00,2861.82,2.035,0.09033,0.03338
2018-08-15 00:00:00,2818.37,2.02,0.096,0.05348
2018-08-08 00:00:00,2857.7,2.008,0.07589,0.03337
2018-08-01 00:00:00,2813.36,1.978,0.08466,0.0352
2018-07-25 00:00:00,2846.07,1.953,0.08101,0.03532
2018-07-18 00:00:00,2815.62,1.96,0.08556,0.03703
2018-07-11 00:00:00,2774.02,1.92,0.091,0.04125
2018-07-03 00:00:00,2713.22,1.933,0.10262,0.05494
2018-06-27 00:00:00,2699.63,1.88,0.10782,0.0599
2018-06-20 00:00:00,2767.32,1.888,0.09619,0.04556
2018-06-13 00:00:00,2775.63,1.895,0.09087,0.04261
2018-06-06 00:00:00,2772.35,1.9,0.08966,0.03824
2018-05-30 00:00:00,2724.01,1.878,0.10085,0.04534
2018-05-23 00:00:00,2733.29,1.873,0.097,0.04482
2018-05-16 00:00:00,2722.46,1.865,0.09415,0.04757
2018-05-09 00:00:00,2697.79,1.845,0.0928,0.04705
2018-05-02 00:00:00,2635.67,1.785,0.10608,0.06331
2018-04-25 00:00:00,2639.4,1.815,0.11188,0.06486
2018-04-18 00:00:00,2708.64,1.77,0.10313,0.06715
2018-04-11 00:00:00,2642.19,1.693,0.12561,0.09616
2018-04-04 00:00:00,2644.69,1.668,0.12328,0.08564
2018-03-28 00:00:00,2605,1.695,0.13579,0.10669
2018-03-21 00:00:00,2711.93,1.71,0.10959,0.07196
2018-03-14 00:00:00,2749.48,1.718,0.10732,0.06777
2018-03-07 00:00:00,2726.8,1.65,0.10672,0.06225
2018-02-28 00:00:00,2713.83,1.618,0.11565,0.0828
2018-02-21 00:00:00,2701.33,1.608,0.11434,0.08052
2018-02-14 00:00:00,2698.63,1.55,0.11996,0.07988
2018-02-07 00:00:00,2681.66,1.515,0.12113,0.08244
2018-01-31 00:00:00,2823.81,1.43,0.08884,0.04729
2018-01-24 00:00:00,2837.54,1.41,0.08537,0.0416
2018-01-17 00:00:00,2802.56,1.415,0.08189,0.03578
2018-01-10 00:00:00,2748.23,1.395,0.07969,0.03128
2018-01-03 00:00:00,2713.06,1.37,0.08319,0.02556
2017-12-27 00:00:00,2682.62,1.408,0.087,0.03324
2017-12-20 00:00:00,2679.25,1.35,0.08433,0.03219
2017-12-13 00:00:00,2662.85,1.273,0.08344,0.03166
2017-12-06 00:00:00,2629.27,1.263,0.08752,0.03151
2017-11-29 00:00:00,2626.07,1.258,0.09166,0.02942
2017-11-22 00:00:00,2597.08,1.265,0.09009,0.0268
2017-11-15 00:00:00,2564.62,1.23,0.10029,0.03754
2017-11-08 00:00:00,2594.38,1.195,0.081,0.01652
2017-11-01 00:00:00,2579.36,1.138,0.07715,0.01602
2017-10-25 00:00:00,2557.15,1.083,0.07911,0.01748
2017-10-18 00:00:00,2561.26,1.068,0.07989,0.01992
2017-10-11 00:00:00,2555.24,1.068,0.08131,0.02402
2017-10-04 00:00:00,2537.74,1.043,0.08281,0.02516
2017-09-27 00:00:00,2507.04,1.038,0.09333,0.03313
2017-09-20 00:00:00,2508.24,1.02,0.09112,0.02744
2017-09-13 00:00:00,2498.37,1.018,0.08027,0.02335
2017-09-06 00:00:00,2465.54,1.038,0.08794,0.03143
2017-08-30 00:00:00,2457.59,0.998,0.08579,0.02517
2017-08-23 00:00:00,2444.04,0.98,0.08469,0.02566
2017-08-16 00:00:00,2468.11,0.985,0.0821,0.02283
2017-08-09 00:00:00,2474.02,1.025,0.08136,0.01999
2017-08-02 00:00:00,2477.57,1.05,0.07624,0.0165
2017-07-26 00:00:00,2477.83,1.095,0.07731,0.01921
2017-07-19 00:00:00,2473.83,1.085,0.08394,0.01955
2017-07-12 00:00:00,2443.25,1.023,0.08928,0.02636
2017-07-05 00:00:00,2432.54,1.02,0.09594,0.02818
2017-06-28 00:00:00,2440.69,0.985,0.09341,0.02776
2017-06-22 00:00:00,2434.5,0.933,0.09344,0.03089
2017-06-14 00:00:00,2437.92,0.983,0.096,0.03266
2017-06-07 00:00:00,2433.14,0.973,0.10064,0.03367
2017-05-31 00:00:00,2411.8,0.95,0.10138,0.03511
2017-05-24 00:00:00,2404.39,0.905,0.10269,0.03407
2017-05-17 00:00:00,2357.03,0.875,0.11137,0.04218
2017-05-10 00:00:00,2399.63,0.875,0.09909,0.0317
2017-05-03 00:00:00,2388.13,0.848,0.08609,0.02245
2017-04-26 00:00:00,2387.45,0.803,0.08603,0.02205
2017-04-20 00:00:00,2355.84,0.77,0.09893,0.02804
2017-04-12 00:00:00,2344.93,0.793,0.10004,0.02599
2017-04-05 00:00:00,2352.95,0.78,0.09277,0.02539
2017-03-29 00:00:00,2361.13,0.755,0.09848,0.02767
2017-03-22 00:00:00,2348.45,0.748,0.10372,0.03548
2017-03-15 00:00:00,2385.26,0.715,0.09102,0.02919
2017-03-08 00:00:00,2362.98,0.708,0.09438,0.03705
2017-03-01 00:00:00,2395.96,0.615,0.0953,0.03621
2017-02-22 00:00:00,2362.82,0.51,0.09537,0.03204
2017-02-15 00:00:00,2349.25,0.52,0.09383,0.03002
2017-02-08 00:00:00,2294.67,0.525,0.10201,0.03409
2017-02-01 00:00:00,2279.55,0.5,0.10667,0.03773
2017-01-25 00:00:00,2298.37,0.483,0.10185,0.0357
2017-01-18 00:00:00,2271.89,0.515,0.1113,0.04543
2017-01-11 00:00:00,2275.32,0.498,0.11235,0.04587
2017-01-04 00:00:00,2270.75,0.518,0.1162,0.04683
2016-12-28 00:00:00,2249.92,0.495,0.11536,0.05624
2016-12-21 00:00:00,2265.18,0.503,0.1166,0.05403
2016-12-14 00:00:00,2253.28,0.523,0.12036,0.0615
2016-12-07 00:00:00,2241.35,0.488,0.12552,0.05185
2016-11-30 00:00:00,2198.81,0.468,0.12507,0.05836
2016-11-23 00:00:00,2204.72,0.485,0.12694,0.05225
2016-11-16 00:00:00,2176.94,0.453,0.12636,0.05224
2016-11-09 00:00:00,2163.26,0.42,0.12508,0.04459
2016-11-02 00:00:00,2097.94,0.345,0.1282,0.06284
2016-10-26 00:00:00,2139.43,0.325,0.12217,0.04844
2016-10-19 00:00:00,2144.29,0.333,0.12474,0.0534
2016-10-12 00:00:00,2139.18,0.32,0.12568,0.05193
2016-10-05 00:00:00,2159.73,0.315,0.12057,0.04652
2016-09-28 00:00:00,2171.37,0.255,0.12198,0.04325
2016-09-21 00:00:00,2163.12,0.288,0.12692,0.04861
2016-09-14 00:00:00,2125.77,0.345,0.12038,0.06264
2016-09-07 00:00:00,2186.16,0.303,0.10641,0.04285
2016-08-31 00:00:00,2170.95,0.325,0.11018,0.04396
2016-08-24 00:00:00,2175.44,0.305,0.11067,0.04459
2016-08-17 00:00:00,2182.22,0.288,0.11061,0.03972
2016-08-10 00:00:00,2175.49,0.293,0.10807,0.03971
2016-08-03 00:00:00,2163.79,0.28,0.11745,0.04759
2016-07-27 00:00:00,2166.58,0.308,0.11772,0.0478
2016-07-20 00:00:00,2173.02,0.31,0.11206,0.03934
2016-07-13 00:00:00,2152.43,0.295,0.09496,0.04556
2016-07-06 00:00:00,2099.73,0.238,0.13424,0.05049
2016-06-29 00:00:00,2070.77,0.26,0.13615,0.0589
2016-06-22 00:00:00,2085.45,0.265,0.1298,0.0639
2016-06-15 00:00:00,2071.5,0.263,0.13843,0.07544
2016-06-08 00:00:00,2119.12,0.265,0.12888,0.0493
2016-06-01 00:00:00,2099.33,0.283,0.13188,0.05079
2016-05-25 00:00:00,2090.54,0.343,0.12972,0.05306
2016-05-18 00:00:00,2047.63,0.268,0.14031,0.06112
2016-05-11 00:00:00,2064.46,0.243,0.13981,0.05825
2016-05-04 00:00:00,2051.12,0.203,0.13075,0.06037
2016-04-27 00:00:00,2095.15,0.245,0.12019,0.04834
2016-04-20 00:00:00,2102.4,0.215,0.11861,0.03931
2016-04-13 00:00:00,2082.42,0.23,0.12599,0.04431
2016-04-06 00:00:00,2066.66,0.218,0.12538,0.04403
2016-03-30 00:00:00,2063.95,0.225,0.12476,0.04699
2016-03-23 00:00:00,2036.71,0.295,0.1335,0.05256
2016-03-16 00:00:00,2027.22,0.325,0.12451,0.05544
2016-03-09 00:00:00,1989.26,0.305,0.13294,0.07363
2016-03-02 00:00:00,1986.45,0.32,0.12406,0.07703
2016-02-24 00:00:00,1929.8,0.318,0.1439,0.09238
2016-02-18 00:00:00,1917.83,0.293,0.15591,0.11221
2016-02-11 00:00:00,1829.08,0.298,0.17091,0.14312
2016-02-03 00:00:00,1912.53,0.33,0.15726,0.09737
2016-01-27 00:00:00,1882.95,0.3,0.15843,0.11048
2016-01-20 00:00:00,1859.33,0.23,0.1737,0.12132
2016-01-13 00:00:00,1890.28,0.21,0.15949,0.11288
2016-01-06 00:00:00,1990.26,0.205,0.14611,0.08283
2015-12-31 00:00:00,2043.94,0.195,0.13354,0.06724
2015-12-23 00:00:00,2064.29,0.193,0.13409,0.06526
2015-12-16 00:00:00,2073.07,0.25,0.13428,0.06831
2015-12-09 00:00:00,2047.62,0.268,0.14215,0.0782
2015-12-02 00:00:00,2079.51,0.203,0.13923,0.06853
2015-11-25 00:00:00,2088.87,0.153,0.13786,0.06445
2015-11-18 00:00:00,2083.58,0.135,0.12324,0.06368
2015-11-11 00:00:00,2075,0.125,0.13504,0.05832
2015-11-04 00:00:00,2102.31,0.058,0.12452,0.04918
2015-10-28 00:00:00,2090.35,0.01,0.12202,0.04848
2015-10-21 00:00:00,2018.94,0.01,0.1396,0.06566
2015-10-14 00:00:00,1994.24,0.005,0.12135,0.08766
2015-10-07 00:00:00,1995.83,0.005,0.14242,0.07578
2015-09-30 00:00:00,1920.03,0.003,0.17056,0.11253
2015-09-23 00:00:00,1938.76,0.003,0.15888,0.09582
2015-09-16 00:00:00,1995.31,0.058,0.13573,0.09143
2015-09-09 00:00:00,1942.04,0.025,0.15887,0.1379
2015-09-02 00:00:00,1948.86,0.038,0.14194,0.12571
2015-08-26 00:00:00,1940.51,0.053,0.15943,0.10827
2015-08-19 00:00:00,2079.61,0.085,0.11888,0.04141
2015-08-12 00:00:00,2086.05,0.098,0.11339,0.04545
2015-08-05 00:00:00,2099.84,0.075,0.11308,0.03634
2015-07-29 00:00:00,2108.57,0.043,0.10235,0.04914
2015-07-22 00:00:00,2114.15,0.03,0.11346,0.03415
2015-07-15 00:00:00,2107.4,0.01,0.12049,0.03706
2015-07-08 00:00:00,2046.68,0.01,0.13583,0.0544
2015-07-01 00:00:00,2077.42,0.01,0.13038,0.05266
2015-06-24 00:00:00,2108.58,0.008,0.124,0.04135
2015-06-17 00:00:00,2100.44,0.008,0.12977,0.05175
2015-06-10 00:00:00,2105.2,0.013,0.12719,0.05097
2015-06-03 00:00:00,2114.07,0.01,0.12639,0.0452
2015-05-27 00:00:00,2123.48,0.01,0.1074,0.05352
2015-05-20 00:00:00,2125.85,0.01,0.13197,0.03965
2015-05-13 00:00:00,2098.48,0.013,0.13617,0.05379
2015-05-06 00:00:00,2080.15,0.008,0.12613,0.04919
2015-04-29 00:00:00,2106.85,0.013,0.11131,0.05872
2015-04-22 00:00:00,2107.96,0.02,0.12129,0.04275
2015-04-15 00:00:00,2106.63,0.01,0.11785,0.03939
2015-04-08 00:00:00,2081.9,0.015,0.12647,0.04685
2015-04-01 00:00:00,2059.69,0.025,0.13476,0.05558
2015-03-25 00:00:00,2061.05,0.015,0.12721,0.0581
2015-03-18 00:00:00,2099.5,0.048,0.11707,0.03806
2015-03-11 00:00:00,2040.24,0.01,0.11683,0.05398
2015-03-04 00:00:00,2098.53,0.013,0.10598,0.03771
2015-02-25 00:00:00,2113.86,0.018,0.10446,0.03681
2015-02-18 00:00:00,2099.68,0.008,0.11586,0.04772
2015-02-11 00:00:00,2068.53,0.005,0.12252,0.05854
2015-02-04 00:00:00,2041.51,0.015,0.12468,0.05642
2015-01-28 00:00:00,2002.16,0.018,0.1351,0.07257
2015-01-21 00:00:00,2032.12,0.008,0.13494,0.0664
2015-01-14 00:00:00,2011.27,0.023,0.14071,0.07035
2015-01-07 00:00:00,2025.9,0.02,0.13971,0.07294
2014-12-31 00:00:00,2058.9,0.02,0.13479,0.06682
2014-12-24 00:00:00,2081.88,0.02,0.12816,0.05786
2014-12-17 00:00:00,2012.89,0.03,0.15534,0.08663
2014-12-10 00:00:00,2026.14,0.028,0.13862,0.06383
2014-12-03 00:00:00,2074.33,0.015,0.12623,0.04867
2014-11-26 00:00:00,2072.83,0.018,0.12502,0.04826
2014-11-19 00:00:00,2048.72,0.015,0.13212,0.04999
2014-11-12 00:00:00,2038.25,0.015,0.12823,0.04674
2014-11-05 00:00:00,2023.57,0.022,0.12381,0.053
2014-10-29 00:00:00,1982.3,0.015,0.12932,0.05566
2014-10-22 00:00:00,1927.11,0.018,0.13489,0.06944
2014-10-15 00:00:00,1862.49,0.005,0.16048,0.09241
2014-10-08 00:00:00,1968.89,0.01,0.13533,0.04826
2014-10-01 00:00:00,1946.16,0.013,0.13169,0.05603
2014-09-24 00:00:00,1998.3,0.007,0.12322,0.04094
2014-09-17 00:00:00,2001.57,0.015,0.10067,0.0327
2014-09-10 00:00:00,1995.69,0.015,0.10583,0.03301
2014-09-04 00:00:00,1997.65,0.02,0.10744,0.03638
2014-08-28 00:00:00,1996.74,0.025,0.10958,0.03496
2014-08-21 00:00:00,1992.37,0.025,0.10558,0.02915
2014-08-14 00:00:00,1955.18,0.03,0.12148,0.03901
2014-08-07 00:00:00,1909.57,0.02,0.13643,0.05832
2014-07-31 00:00:00,1930.67,0.028,0.12238,0.0472
2014-07-24 00:00:00,1987.98,0.02,0.11199,0.03251
2014-07-17 00:00:00,1958.12,0.018,0.11082,0.03348
2014-07-10 00:00:00,1964.68,0.015,0.11184,0.0298
2014-07-03 00:00:00,1985.44,0.007,0.10904,0.02744
2014-06-26 00:00:00,1957.22,0.02,0.11311,0.03149
2014-06-19 00:00:00,1959.48,0.018,0.1111,0.02917
2014-06-12 00:00:00,1930.11,0.033,0.11689,0.03485
2014-06-05 00:00:00,1940.46,0.03,0.11854,0.03207
2014-05-29 00:00:00,1920.03,0.028,0.10763,0.02991
2014-05-22 00:00:00,1892.49,0.025,0.11413,0.03131
2014-05-15 00:00:00,1870.85,0.02,0.12199,0.03632
2014-05-08 00:00:00,1875.63,0.02,0.11508,0.03571
2014-05-01 00:00:00,1883.68,0.02,0.11104,0.02983
2014-04-24 00:00:00,1878.61,0.015,0.11504,0.03779
2014-04-17 00:00:00,1864.85,0.025,0.1185,0.03602
2014-04-03 00:00:00,1888.77,0.018,0.11926,0.03545
2014-03-20 00:00:00,1872.01,0.05,0.10652,0.03863
2014-03-06 00:00:00,1877.03,0.05,0.10937,0.03993
2014-02-20 00:00:00,1839.78,0.045,0.11004363382564,0.0389695056651536
2014-02-06 00:00:00,1773.43,0.055,0.135153833417798,0.0635067929905964
2014-01-23 00:00:00,1828.46,0.03,0.118143299208436,0.0431178111191604
2013-12-26 00:00:00,1842.02,0.068,0.118723300481418,0.0424129227313836
2013-12-12 00:00:00,1775.5,0.068,0.13168936221158,0.056304971467404
2013-11-27 00:00:00,1807.23,0.068,0.129404721452683,0.0499230015551418
2013-11-14 00:00:00,1790.62,0.07,0.137321458498325,0.052543165613701
2013-10-31 00:00:00,1756.54,0.035,0.118842676004865,0.0472487085856347
2013-10-17 00:00:00,1733.15,0.092,0.118252695594851,0.043701531405155
2013-10-03 00:00:00,1678.66,0.01,0.137911237130528,0.0643342793540329
2013-09-19 00:00:00,1722.34,0.005,0.115863455120895,0.0498193219481545
2013-09-05 00:00:00,1655.08,0.015,0.131579163380185,0.0680164757904278
2013-08-22 00:00:00,1656.96,0.033,0.124759407101161,0.0576677276761746
2013-08-08 00:00:00,1697.48,0.04,0.120872456717394,0.0460330375485236
2013-07-25 00:00:00,1690.25,0.02,0.123205313534159,0.0469175211598366
2013-07-11 00:00:00,1675.02,0.03,0.126411500698043,0.0508347841985731
2013-06-27 00:00:00,1613.2,0.055,0.147936344285554,0.0772673108232138
2013-06-13 00:00:00,1636.36,0.04,0.146378285210339,0.0680072200848598
2013-05-30 00:00:00,1654.41,0.04,0.138207433904559,0.0631893143525166
2013-05-16 00:00:00,1650.47,0.037,0.136680343684265,0.0610598671919093
2013-05-02 00:00:00,1597.59,0.05,0.1203077014228,0.0452278953953
2013-04-18 00:00:00,1541.61,0.05,0.13593663017552,0.0644541150890924
2013-04-04 00:00:00,1559.98,0.055,0.129500804663962,0.0515912799225811
2013-03-21 00:00:00,1545.8,0.063,0.128492530481193,0.0473103080882176
2013-03-07 00:00:00,1544.26,0.092,0.111384276896873,0.0419001211569093
2013-02-21 00:00:00,1502.42,0.115,0.123823439606576,0.0518864873686185
2013-02-07 00:00:00,1509.39,0.065,0.124219511068135,0.0469225994379858
2013-01-24 00:00:00,1494.82,0.07,0.12138590644867,0.0428801440902227
2013-01-10 00:00:00,1472.12,0.055,0.142182924897997,0.0607324544196441
2012-12-27 00:00:00,1418.1,0.055,0.164453716510426,0.0898193052191392
2012-12-13 00:00:00,1419.45,0.06,0.160739450469959,0.083072313751176
2012-11-29 00:00:00,1415.95,0.092,0.152635926417815,0.0717480955419376
2012-11-15 00:00:00,1353.33,0.095,0.17297338804074,0.0918300941662444
2012-11-01 00:00:00,1427.59,0.105,0.148994784429766,0.0808230830795293
2012-10-18 00:00:00,1457.34,0.105,0.142163363093299,0.0700473019840959
2012-10-04 00:00:00,1461.4,0.085,0.147789916677455,0.0823337240308314
2012-09-20 00:00:00,1460.26,0.105,0.135234238,0.083054261
2012-09-06 00:00:00,1432.12,0.1,0.15424780824898,0.112345663182344
2012-08-23 00:00:00,1402.08,0.1,0.164634475565899,0.129390671749522
2012-08-09 00:00:00,1402.8,0.105,0.15713722594566,0.102307433409469
2012-07-26 00:00:00,1360.02,0.095,0.161559109459054,0.112058663372191
2012-07-12 00:00:00,1334.76,0.09,0.17605249293821,0.123331943070411
2012-06-28 00:00:00,1329.04,0.08,0.179310327453445,0.133739723356632
2012-06-14 00:00:00,1329.1,0.09,0.185860047911981,0.155508918105044
2012-05-31 00:00:00,1310.33,0.065,0.195456002368211,0.160331486434819
2012-05-15 00:00:00,1330.66,0.085,0.186479427852532,0.129110457238098
2012-04-30 00:00:00,1397.91,0.085,0.14832989579934,0.0834567411751692
2012-04-13 00:00:00,1370.26,0.085,0.15681429269471,0.113306849590923
2012-03-30 00:00:00,1408.47,0.055,0.14253126023597,0.0727489952337758
2012-03-15 00:00:00,1402.6,0.08,0.139388486746103,0.0982392037647748
2012-02-29 00:00:00,1365.68,0.095,0.149776733136477,0.115966063769505
2012-02-15 00:00:00,1343.23,0.11,0.167668172199713,0.135831348584348
2012-01-31 00:00:00,1312.41,0.045,0.165676639802301,0.123351394295383
2012-01-13 00:00:00,1289.09,0.02,0.183624682047986,0.146148278608611
2011-12-30 00:00:00,1257.6,0.005,0.195332355282575,0.166350161834572
2011-12-15 00:00:00,1215.75,0.005,0.217418665257663,0.208488444097015
2011-11-30 00:00:00,1246.96,0.015,0.21939434899166,0.194574420076252
2011-11-15 00:00:00,1257.81,0.005,0.212712117659976,0.197448727355683
2011-10-31 00:00:00,1253.3,0.01,0.189257265664706,0.178093369640174
2011-10-14 00:00:00,1224.58,0.015,0.198129826803205,0.199315518887026
2011-09-30 00:00:00,1131.42,0.01,0.236536120454892,0.25112421261994
2011-09-15 00:00:00,1209.11,0.005,0.190576768325879,0.215092601631742
2011-08-31 00:00:00,1218.89,0.015,0.179227866877565,0.196399558938166
2011-08-15 00:00:00,1204.49,0.005,0.185321553664431,0.175617236324353
2011-07-29 00:00:00,1292.28,0.065,0.169916434834299,0.127059849037781
2011-07-15 00:00:00,1316.14,0.005,0.160414007245662,0.11104605543906
2011-06-30 00:00:00,1320.64,0.02,0.159162711848594,0.102190432985711
2011-06-15 00:00:00,1265.42,0.05,0.171542860682369,0.108281072741983
2011-05-31 00:00:00,1345.2,0.035,0.152431253883275,0.0806331918373168
2011-05-13 00:00:00,1337.77,0.02,0.160254336852854,0.0979414600130941
2011-04-29 00:00:00,1363.61,0.035,0.138639381759595,0.0797128994321979
2011-04-15 00:00:00,1319.68,0.065,0.150227924618891,0.0997879930713058
2011-03-31 00:00:00,1325.83,0.095,0.15198504753166,0.0986508663215133
2011-03-15 00:00:00,1281.87,0.075,0.159581873801782,0.136976819537079
2011-02-28 00:00:00,1327.22,0.125,0.143207874701446,0.0986956627005484
2011-02-15 00:00:00,1328.01,0.11,0.13353949034754,0.0761616260516905
2011-01-31 00:00:00,1286.12,0.135,0.150528984585559,0.0938861796090009
2011-01-14 00:00:00,1293.24,0.14,0.157746891168594,0.103319946641758
2010-12-31 00:00:00,1257.64,0.11,0.168225758518544,0.12599068135562
2010-12-15 00:00:00,1235.23,0.135,0.169592776607098,0.128117687344041
2010-11-30 00:00:00,1180.55,0.155,0.198091817376902,0.162621619355792
2010-11-15 00:00:00,1197.75,0.125,0.18648895529768,0.143279988676319
2010-10-29 00:00:00,1183.26,0.125,0.181441871645095,0.151435289611201
2010-10-15 00:00:00,1176.19,0.135,0.189166403096663,0.164774551325156
2010-09-30 00:00:00,1141.2,0.15,0.201100876802613,0.206387514662849
2010-09-15 00:00:00,1125.07,0.135,0.17715837349748,0.177563401150748
2010-08-31 00:00:00,1049.33,0.14,0.200765404892337,0.228058483667919
2010-08-13 00:00:00,1079.25,0.145,0.198718288569042,0.216516376962709
2010-07-30 00:00:00,1101.6,0.145,0.18472946844599,0.186512004912818
2010-07-15 00:00:00,1096.48,0.145,0.202531277579773,0.205800411399664
2010-06-30 00:00:00,1030.71,0.135,0.221317639429505,0.247774916160541
2010-06-15 00:00:00,1115.23,0.07,0.19179271427423,0.177132904434
2010-05-28 00:00:00,1089.41,0.16,0.205912485444907,0.201693939439514
2010-05-14 00:00:00,1135.68,0.15,0.211127579045089,0.172934298400268
2010-04-30 00:00:00,1186.69,0.155,0.16360022463135,0.142609811751536
2010-04-15 00:00:00,1211.67,0.15,0.154278164058829,0.103072093857557
2010-03-31 00:00:00,1169.43,0.125,0.159419922007629,0.109295777196732
2010-03-15 00:00:00,1150.51,0.145,0.159240713892274,0.121302826717817
2010-02-26 00:00:00,1104.49,0.11,0.163233232572903,0.122864800617182
2010-02-12 00:00:00,1075.51,0.1,0.183922882341539,0.153362613885574
2010-01-29 00:00:00,1073.87,0.07,0.186254938109918,0.149400578720711
2010-01-15 00:00:00,1136.03,0.05,0.172037693632162,0.1197623264657
2009-12-31 00:00:00,1115.1,0.095,0.194768699420807,0.154218794965085
2009-12-15 00:00:00,1107.93,0.02,0.207582929598473,0.173171248441295
2009-11-30 00:00:00,1095.63,0.04,0.21783069599014,0.179531221459494
2009-11-13 00:00:00,1093.48,0.06,0.216668287192762,0.17425001574286
2009-10-30 00:00:00,1036.19,0.06,0.211479503236396,0.189491905604535
2009-10-15 00:00:00,1096.56,0.06,0.204377682311436,0.176973614575693
2009-09-30 00:00:00,1057.08,0.09,0.213346663194087,0.182872509506678
2009-09-15 00:00:00,1052.63,0.135,0.195960653793733,0.184044626605115
2009-08-31 00:00:00,1020.62,0.14,0.213639946653716,0.202663651436727
2009-08-14 00:00:00,1004.09,0.17,0.211052936758489,0.18487816813992
2009-07-31 00:00:00,987.48,0.175,0.219363497522775,0.198476881956362
2009-07-15 00:00:00,932.68,0.17,0.231437244684299,0.20991016724861
2009-06-30 00:00:00,919.32,0.175,0.23644098988594,0.202461303137471
2009-06-15 00:00:00,923.72,0.17,0.244761226071267,0.216431683561783
2009-05-29 00:00:00,919.14,0.16,0.238703925670426,0.183248360666149
2009-05-15 00:00:00,882.88,0.17,0.278179193726347,0.212476581895633
2009-04-30 00:00:00,872.81,0.12,0.28335798292883,0.266895228683116
2009-04-15 00:00:00,852.06,0.17,0.300278149855567,0.263802632741424
2009-03-31 00:00:00,797.87,0.125,0.324031364596137,0.251182387056633
2009-03-13 00:00:00,756.55,0.22,0.288025433968724,0.267837650830354
2009-02-27 00:00:00,735.09,0.295,0.301511297186512,0.297793194355186
2009-02-13 00:00:00,826.84,0.3,0.27090448558334,0.279028162595757
2009-01-30 00:00:00,825.88,0.18,0.290418862316161,0.289785219819917
2009-01-15 00:00:00,843.74,0.105,0.291533515575871,0.298896504353157
2008-12-31 00:00:00,903.25,0.01,0.267357104293826,0.258788673749145
2008-12-15 00:00:00,868.57,0.01,0.346714709376995,0.295112996719274
2008-11-28 00:00:00,896.24,0.1,0.329861141042516,0.297130455897903
2008-11-14 00:00:00,873.29,0.14,0.331051440358159,0.316386045403159
2008-10-31 00:00:00,968.75,0.565,0.279384058714289,0.361589567088441
2008-10-15 00:00:00,907.84,0.21,0.351887671444856,0.294252540054623
2008-09-30 00:00:00,1166.36,0.83,0.237059875115798,0.221794070304698
2008-09-15 00:00:00,1192.7,1.58,0.198120203300437,0.223079252330316
2008-08-29 00:00:00,1282.83,1.64,0.174636166435001,0.17619109562447
2008-08-15 00:00:00,1298.2,1.815,0.172365725529557,0.172933169030529
2008-07-31 00:00:00,1267.38,1.68,0.173914173075677,0.171762599511404
2008-07-15 00:00:00,1214.91,1.57,0.196361587720946,0.190752820410905
2008-06-30 00:00:00,1280,1.68,0.176472241544993,0.180041772180128
2008-06-13 00:00:00,1360.03,1.905,0.171975263127559,0.192785984628784
2008-05-30 00:00:00,1400.38,1.855,0.178391806016175,0.168582596057068
2008-05-15 00:00:00,1423.57,1.785,0.162474733769285,0.142115933046346
2008-04-30 00:00:00,1385.59,1.33,0.162967255609931,0.171029508121735
2008-04-15 00:00:00,1334.43,1.16,0.185708531113605,0.189384580402099
2008-03-31 00:00:00,1322.7,1.25,0.202018834528949,0.193235162712836
2008-03-14 00:00:00,1288.14,1.44,0.214433968994713,0.234785657192449
2008-02-29 00:00:00,1330.63,1.93,0.18774897639956,0.20569885528478
2008-02-15 00:00:00,1349.99,2.21,0.184647384303889,0.190958154940128
2008-01-31 00:00:00,1378.55,2.205,0.180471023912243,0.17233049935377
2008-01-15 00:00:00,1380.95,3.01,0.182299612887122,0.215803448290366
2007-12-31 00:00:00,1468.36,3.075,0.17022248446872,0.200528503398956
2007-12-14 00:00:00,1467.95,2.81,0.178762091581776,0.214653795648524
2007-11-30 00:00:00,1481.14,2.96,0.181180380944021,0.193896604721558
2007-11-15 00:00:00,1451.15,3.36,0.18148680170684,0.23213081486642
2007-10-31 00:00:00,1549.38,3.86,0.125967089055225,0.188716955283726
2007-10-15 00:00:00,1548.71,4.005,0.106027780938777,0.17241112871247
2007-09-28 00:00:00,1526.75,3.625,0.117037108740887,0.142358664036821
2007-09-14 00:00:00,1484.25,3.9,0.138983214890811,0.189411337792534
2007-08-31 00:00:00,1473.99,3.85,0.138145330990722,0.185023328877842
2007-08-15 00:00:00,1406.7,4.53,0.137563832094293,0.220109683800767
2007-07-31 00:00:00,1455.27,4.705,0.120886510124941,0.160861720337662
2007-07-13 00:00:00,1552.5,4.805,0.093843680017733,0.113939913909172
2007-06-29 00:00:00,1503.35,4.635,0.0632177526725953,0.0850238952526603
2007-06-15 00:00:00,1532.91,4.515,0.0684376732222983,0.088149608546027
2007-05-31 00:00:00,1530.62,4.685,0.0721312929357602,0.0891172242344564
2007-05-15 00:00:00,1501.19,4.715,0.0664656034701907,0.0886673003898532
2007-04-30 00:00:00,1482.37,4.8,0.0599609228799035,0.0685493063150446
2007-04-13 00:00:00,1452.85,4.885,0.0676929498569072,0.0491306121715259
2007-03-30 00:00:00,1420.86,4.91,0.0724748147565169,0.0694786094908666
2007-03-15 00:00:00,1392.28,4.935,0.0751760124472366,0.0760737803115901
2007-02-28 00:00:00,1406.82,5.045,0.0702885861726506,0.0806645190016705
2007-02-15 00:00:00,1456.81,5.025,0.0536942434615853,0.0453709410883034
2007-01-31 00:00:00,1438.24,4.995,0.0577270471741015,0.0486269957641986
2007-01-12 00:00:00,1430.73,4.95,0.0615151551704465,0.0569063971478305
